Name,Address,Text,Email,Phone Number,State,Country
Lisa Vega,"397 Hill Lakes Suite 677, North Dana, WA 87296",To wife up assume ever allow service. You color third. Course clearly employee. Especially several stage name man section.,ronald09@example.org,6142182312,Vermont,United States
Joshua Hammond,"PSC 0113, Box 4273, APO AP 56825",True family meet feeling answer in option contain. Effect blood various letter tough us year.,james26@example.net,001-330-707-4774,Arkansas,United States
Tammy Fernandez,"57290 Rebecca Unions, Harrisfort, PW 21105","Sign no start be. Group work election former executive. Bar phone after cup Congress.
To arrive media share soon at future. Others between write deep party win interest.",browncynthia@example.org,430-875-5879,Maryland,United States
Scott Kelley,"9849 Black Ridge, Anthonyhaven, WV 90889","Reason move employee important back Democrat east. Protect career least.
Thousand culture threat wonder beat. Score like everybody father listen test.",nsmith@example.org,849-350-2822x2942,Florida,United States
Tina Howell,"27518 Mary Ridge Apt. 690, New Miketown, MP 29828",Democrat wall step investment if discover none. Daughter civil common quite ready agent. From word question let around.,johnsontina@example.com,001-528-791-1052x457,Alaska,United States
Eddie Campbell,"280 Elaine Locks, South Joshua, AZ 52058","Baby because throughout another both nothing. After of share member chance manage.
Discuss west follow yourself. Manage help water staff page debate.",john68@example.org,7589907018,New Jersey,United States
Shawn Lopez,"48182 Robertson Dam, Davisside, NE 56521","Feel figure onto prove fear keep. And kid perhaps.
Realize star fine its responsibility. Cup mention scene PM talk and.
Check whose ok role talk.
Into nearly term cover recognize send decide.",jacquelinerose@example.com,(206)368-0225x8925,Maryland,United States
Elizabeth Martin,"800 Berger Inlet, West Dillonview, OK 44043","Candidate foot during already.
Clear eat push something fire year ability safe. Possible class leave none several provide wall. Official possible artist large always.",morenojustin@example.net,001-267-369-2016x728,Maryland,United States
Paul Curtis,"006 Nguyen Loop, South Rachelview, KS 19180","Hold long recognize. Why good place.
Four newspaper on almost into Congress interesting. Plant life war TV.
Important agree record tell return. Care news actually past.",robert04@example.org,573.231.4421,Maryland,United States
Mrs. Kimberly Carson,"06381 Nicholas Passage, North Paul, PA 95959",Star despite his accept exist official increase commercial. His ok director billion general pick. Data government back style. Result thing site ago trouble nation.,jmoore@example.com,(772)619-5134,Texas,United States
